WMS,Component,RECEIVED_BYTES
Airflow,TOTAL_USAGE,28.842591227963567
Airflow,BASE_USAGE,8.212681859731674e-05
Airflow,SERVER_USAGE,0.0709446985274553
Airflow,WORKFLOW_USAGE,28.771564402617518
Argo,TOTAL_USAGE,25.88908467069268
Argo,BASE_USAGE,2.3545697331428528e-05
Argo,SERVER_USAGE,0.0065299849957227
Argo,WORKFLOW_USAGE,25.882531139999628
Luigi,TOTAL_USAGE,25.07885291147977
Luigi,BASE_USAGE,4.561711102724075e-05
Luigi,SERVER_USAGE,0.0005240449681878
Luigi,WORKFLOW_USAGE,25.07828324940056
Metaflow,TOTAL_USAGE,25.19541085325181
Metaflow,BASE_USAGE,2.764444798231125e-05
Metaflow,SERVER_USAGE,0.0005532130599021
Metaflow,WORKFLOW_USAGE,25.19482999574393
Snakemake,TOTAL_USAGE,25.067591064609587
Snakemake,BASE_USAGE,0.0001006377860903
Snakemake,SERVER_USAGE,0.0
Snakemake,WORKFLOW_USAGE,25.067490426823497
