WMS,Component,CV_CPU_USAGE,CV_MEMORY_USAGE,CV_DISK_USAGE
Airflow,TOTAL_USAGE,350.86937941761295,29.24867705356069,68.96803645039358
Airflow,BASE_USAGE,139.6702871760038,10.589699265543883,0.0
Airflow,SERVER_USAGE,143.5480024304811,1.155414346225565,0.0
Airflow,WORKFLOW_USAGE,67.65108981112809,17.503563441791243,68.96803645039358
Argo,TOTAL_USAGE,258.63751511207033,27.976091476091263,22.7107456206405
Argo,BASE_USAGE,153.4388424411191,7.017476133070331,0.0
Argo,SERVER_USAGE,70.17688812831666,3.0280435990265957,0.0
Argo,WORKFLOW_USAGE,35.02178454263455,17.93057174399434,22.7107456206405
Luigi,TOTAL_USAGE,310.8478562443563,39.802684448734624,49.49697780789244
Luigi,BASE_USAGE,39.27078926585271,0.4587890180799457,0.0
Luigi,SERVER_USAGE,173.2881335940004,13.27017351436809,0.0
Luigi,WORKFLOW_USAGE,98.28893338450322,26.073721916286587,49.49697780789244
Metaflow,TOTAL_USAGE,381.5803489093435,60.19565282626854,1241.9428016901322
Metaflow,BASE_USAGE,120.38111718489924,3.4511700113720374,0.0
Metaflow,SERVER_USAGE,173.75203240843888,36.2879617799472,1220.655561573371
Metaflow,WORKFLOW_USAGE,87.44719931600538,20.456521034949308,21.28724011676117
Snakemake,TOTAL_USAGE,136.81122635066748,32.72255043538469,38.40532558017652
Snakemake,BASE_USAGE,26.069542356739223,0.4151781079287658,0.0
Snakemake,SERVER_USAGE,0.0,0.0,0.0
Snakemake,WORKFLOW_USAGE,110.74168399392823,32.30737232745592,38.40532558017652
