WMS,Component,STD_CPU_USAGE,STD_MEMORY_USAGE,STD_DISK_USAGE
Airflow,TOTAL_USAGE,33.84712842528037,5.64329628560916,0.2971480516107567
Airflow,BASE_USAGE,4.999963497088976,1.3071571783411853,0.0
Airflow,SERVER_USAGE,7.519881730656112,0.1041451977876184,0.0
Airflow,WORKFLOW_USAGE,21.32728319753528,4.231993909480356,0.2971480516107567
Argo,TOTAL_USAGE,37.15918747084571,4.192464787503653,0.1148280218100952
Argo,BASE_USAGE,5.569957846314658,0.8644127100716034,0.0
Argo,SERVER_USAGE,18.02791623350359,0.190585064122734,0.0
Argo,WORKFLOW_USAGE,13.561313391027465,3.137467013309316,0.1148280218100952
Luigi,TOTAL_USAGE,22.178377534447733,4.955609625816886,0.0803188250031351
Luigi,BASE_USAGE,1.1125414599016077,0.0520373797273543,0.0
Luigi,SERVER_USAGE,7.270881272048267,0.4994008632573858,0.0
Luigi,WORKFLOW_USAGE,13.794954802497855,4.404171382832146,0.0803188250031351
Metaflow,TOTAL_USAGE,31.06729205135452,6.498260152107578,0.0646703273290758
Metaflow,BASE_USAGE,3.998960395284699,0.4082389006451982,0.0
Metaflow,SERVER_USAGE,11.848730263372808,1.6340469189510232,0.0081377037438231
Metaflow,WORKFLOW_USAGE,15.219601392697012,4.455974332511357,0.0565326235852527
Snakemake,TOTAL_USAGE,14.770828288400104,4.194008417579378,0.0790282046920061
Snakemake,BASE_USAGE,0.6830437343651983,0.0496386945839632,0.0
Snakemake,SERVER_USAGE,0.0,0.0,0.0
Snakemake,WORKFLOW_USAGE,14.087784554034908,4.144369722995415,0.0790282046920061
