WMS,Component,AVERAGE_MEMORY_USAGE,STD_MEMORY_USAGE,CV_MEMORY_USAGE,MIN_MEMORY_USAGE,MAX_MEMORY_USAGE
Airflow,TOTAL_USAGE,45.53523244258621,5.64329628560916,29.24867705356069,10.4,41.4
Airflow,BASE_USAGE,12.343666666666666,1.3071571783411853,10.589699265543883,12.0,21.3
Airflow,SERVER_USAGE,9.013666666666673,0.1041451977876184,1.155414346225565,21.2,21.9
Airflow,WORKFLOW_USAGE,24.17789910925287,4.231993909480356,17.503563441791243,19.4,41.4
Argo,TOTAL_USAGE,36.10986374971662,4.192464787503653,27.976091476091263,10.5,33.6
Argo,BASE_USAGE,12.318,0.8644127100716034,7.017476133070331,12.1,18.8
Argo,SERVER_USAGE,6.294000000000002,0.190585064122734,3.0280435990265957,18.2,19.0
Argo,WORKFLOW_USAGE,17.497863749716615,3.137467013309316,17.93057174399434,17.0,33.6
Luigi,TOTAL_USAGE,31.996893001642427,4.955609625816886,39.802684448734624,10.4,32.0
Luigi,BASE_USAGE,11.342333333333332,0.0520373797273543,0.4587890180799457,11.2,11.5
Luigi,SERVER_USAGE,3.7633333333333336,0.4994008632573858,13.27017351436809,11.4,15.4
Luigi,WORKFLOW_USAGE,16.891226334975762,4.404171382832146,26.073721916286587,14.1,32.0
Metaflow,TOTAL_USAGE,38.11465954850519,6.498260152107578,60.19565282626854,11.0,37.3
Metaflow,BASE_USAGE,11.829,0.4082389006451982,3.4511700113720374,11.6,15.3
Metaflow,SERVER_USAGE,4.503000000000002,1.6340469189510232,36.2879617799472,15.3,20.2
Metaflow,WORKFLOW_USAGE,21.782659548505187,4.455974332511357,20.456521034949308,16.8,37.3
Snakemake,TOTAL_USAGE,24.78393809719209,4.194008417579378,32.72255043538469,10.7,28.5
Snakemake,BASE_USAGE,11.956,0.0496386945839632,0.4151781079287658,11.9,12.0
Snakemake,SERVER_USAGE,0.0,0.0,0.0,0.0,0.0
Snakemake,WORKFLOW_USAGE,12.827938097192094,4.144369722995415,32.30737232745592,11.1,28.5
