,AVERAGE_DISK_USAGE,STD_DISK_USAGE,CV_DISK_USAGE,MIN_DISK_USAGE,MAX_DISK_USAGE
TOTAL_USAGE,0.20577407819919055,0.07902820469200615,38.405325580176516,0.0,0.8999999999999915
BASE_USAGE,0.0,0.0,0.0,0.0,0.0
SERVER_USAGE,0.0,0.0,0.0,0.0,0.0
WORKFLOW_USAGE,0.20577407819919055,0.07902820469200615,38.405325580176516,0.0,0.8999999999999915
