WMS,Component,AVERAGE_CPU_USAGE,AVERAGE_MEMORY_USAGE,AVERAGE_DISK_USAGE
Airflow,TOTAL_USAGE,137.11125,29.855000000000004,0.0
Airflow,BASE_USAGE,6.538333333333332,11.07666666666666,0.0
Airflow,SERVER_USAGE,47.10541666666667,8.553333333333338,0.0
Airflow,WORKFLOW_USAGE,83.46750000000002,10.225000000000003,0.0
Argo,TOTAL_USAGE,51.27880434782608,24.989957521239376,0.4048725637181323
Argo,BASE_USAGE,11.877916666666666,13.455,0.0
Argo,SERVER_USAGE,15.962499999999997,5.7716666666666665,0.0499999999999971
Argo,WORKFLOW_USAGE,23.43838768115942,5.763290854572711,0.3548725637181351
Luigi,TOTAL_USAGE,81.41743421052632,19.02315789473684,0.0
Luigi,BASE_USAGE,2.839583333333333,11.218333333333334,0.0
Luigi,SERVER_USAGE,17.827083333333338,3.2266666666666666,0.0
Luigi,WORKFLOW_USAGE,60.75076754385965,4.57815789473684,0.0
Metaflow,TOTAL_USAGE,81.35659604519773,24.178502824858757,0.0
Metaflow,BASE_USAGE,5.089583333333334,11.385000000000002,0.0
Metaflow,SERVER_USAGE,2.960833333333333,5.218333333333334,0.0
Metaflow,WORKFLOW_USAGE,73.30617937853107,7.575169491525418,0.0
Snakemake,TOTAL_USAGE,62.51336206896552,12.144827586206896,0.0
Snakemake,BASE_USAGE,1.7954166666666669,10.603333333333332,0.0
Snakemake,SERVER_USAGE,0.0,0.0,0.0
Snakemake,WORKFLOW_USAGE,60.71794540229885,1.5414942528735622,0.0
