WMS,Component,AVERAGE_CPU_USAGE,STD_CPU_USAGE,CV_CPU_USAGE,MIN_CPU_USAGE,MAX_CPU_USAGE
Airflow,TOTAL_USAGE,137.11125,32.191749408731894,283.7598044893346,0.0,100.0
Airflow,BASE_USAGE,6.538333333333332,17.158106360810592,262.4232428367667,0.5,96.225
Airflow,SERVER_USAGE,47.10541666666667,3.5954706026008147,7.632817745873134,48.2,67.125
Airflow,WORKFLOW_USAGE,83.46750000000002,11.43817244532049,13.703743906694807,59.475,100.0
Argo,TOTAL_USAGE,51.27880434782608,54.27786014273697,343.0028507553359,0.0,73.14999999999999
Argo,BASE_USAGE,11.877916666666666,17.99003722646849,151.45785015443357,0.75,69.625
Argo,SERVER_USAGE,15.962499999999997,18.378154543090616,115.13330958866482,8.85,64.725
Argo,WORKFLOW_USAGE,23.43838768115942,17.90966837317787,76.41169101223748,7.4,61.35
Luigi,TOTAL_USAGE,81.41743421052632,45.21135897042454,257.77768583893186,0.0,100.0
Luigi,BASE_USAGE,2.839583333333333,4.319076607685439,152.10247774680929,0.75,29.85
Luigi,SERVER_USAGE,17.827083333333338,9.679548528842773,54.29687149520309,0.75,41.45
Luigi,WORKFLOW_USAGE,60.75076754385965,31.212733833896333,51.378336596919496,0.975,100.0
Metaflow,TOTAL_USAGE,81.35659604519773,49.34935462770511,565.103679554613,0.0,100.0
Metaflow,BASE_USAGE,5.089583333333334,9.644735493680248,189.49951031381576,0.75,53.525
Metaflow,SERVER_USAGE,2.960833333333333,9.917930407922254,334.97091161009587,3.25,73.9
Metaflow,WORKFLOW_USAGE,73.30617937853107,29.786688726102607,40.633257630701365,13.1,100.0
Snakemake,TOTAL_USAGE,62.51336206896552,34.61444434472693,124.1230775919027,0.0,100.0
Snakemake,BASE_USAGE,1.7954166666666669,1.2417015515233745,69.15952015911114,0.75,9.125
Snakemake,SERVER_USAGE,0.0,0.0,0.0,0.0,0.0
Snakemake,WORKFLOW_USAGE,60.71794540229885,33.37274279320355,54.96355743279155,1.25,100.0
