,AVERAGE_DISK_USAGE,STD_DISK_USAGE,CV_DISK_USAGE,MIN_DISK_USAGE,MAX_DISK_USAGE
TOTAL_USAGE,0.16227015983656298,0.08031882500313517,49.49697780789244,0.0,0.9000000000000057
BASE_USAGE,0.0,0.0,0.0,0.0,0.0
SERVER_USAGE,0.0,0.0,0.0,0.0,0.0
WORKFLOW_USAGE,0.16227015983656298,0.08031882500313517,49.49697780789244,0.0,0.9000000000000057
